{"cameraMode":{"drawMode":0,"name":"Shaded","section":"Shading Mode"},"sceneLighting":true,"audioPlay":false,"sceneViewState":{"showFog":true,"showMaterialUpdate":false,"showSkybox":true,"showFlares":true,"showImageEffects":true,"showParticleSystems":true},"in2DMode":false,"pivot":{"x":150.61349487304688,"y":18.298416137695314,"z":170.78500366210938},"rotation":{"x":-0.3474060893058777,"y":-0.009845792315900326,"z":0.00364791345782578,"w":-0.9376559853553772},"size":189.54776000976563,"orthographic":false}